row_id,entity_id,snapshot_month,tenure_months,monthly_usage_hours,usage_change_90d,support_tickets_90d,late_payments_180d,plan_tier,region,marketing_contacts_30d,future_refund_30d,churn_30d
customer-0001-2025-01,customer-0001,2025-01,41,32.793,-0.083,0,0,basic,north,4,0,0
customer-0001-2025-02,customer-0001,2025-02,42,30.550,-4.432,0,0,basic,north,3,1,0
customer-0001-2025-03,customer-0001,2025-03,43,26.057,-18.215,1,0,basic,north,4,0,0
customer-0002-2025-01,customer-0002,2025-01,15,21.248,-6.948,1,0,premium,east,0,0,0
customer-0002-2025-02,customer-0002,2025-02,16,24.689,2.715,0,0,premium,east,4,0,0
customer-0002-2025-03,customer-0002,2025-03,17,23.736,9.717,0,1,premium,east,0,0,0
customer-0003-2025-01,customer-0003,2025-01,27,16.347,-5.103,1,0,standard,north,3,0,0
customer-0003-2025-02,customer-0003,2025-02,28,18.102,-5.043,1,1,standard,north,4,0,0
customer-0003-2025-03,customer-0003,2025-03,29,17.799,-6.147,1,2,standard,north,1,1,1
customer-0004-2025-01,customer-0004,2025-01,10,22.156,-2.365,0,0,standard,south,0,0,0
customer-0004-2025-02,customer-0004,2025-02,11,23.508,-3.307,0,0,standard,south,0,0,0
customer-0004-2025-03,customer-0004,2025-03,12,27.149,3.694,0,0,standard,south,0,0,0
customer-0005-2025-01,customer-0005,2025-01,30,15.734,9.945,3,1,premium,south,4,0,0
customer-0005-2025-02,customer-0005,2025-02,31,10.506,0.691,3,2,premium,south,0,0,0
customer-0005-2025-03,customer-0005,2025-03,32,11.968,-5.123,0,1,premium,south,0,0,0
customer-0006-2025-01,customer-0006,2025-01,25,26.491,-8.471,1,0,basic,north,2,1,1
customer-0006-2025-02,customer-0006,2025-02,26,22.723,-11.201,0,0,basic,north,0,0,0
customer-0006-2025-03,customer-0006,2025-03,27,21.957,-4.271,1,0,basic,north,3,0,0
customer-0007-2025-01,customer-0007,2025-01,38,17.229,1.856,3,0,premium,north,1,0,0
customer-0007-2025-02,customer-0007,2025-02,39,13.776,4.928,1,0,premium,north,1,0,0
customer-0007-2025-03,customer-0007,2025-03,40,9.563,-2.892,1,0,premium,north,2,0,0
customer-0008-2025-01,customer-0008,2025-01,30,12.191,-6.864,1,0,basic,west,1,0,1
customer-0008-2025-02,customer-0008,2025-02,31,15.276,-0.305,0,0,basic,west,3,0,0
customer-0008-2025-03,customer-0008,2025-03,32,19.211,-5.734,0,0,basic,west,0,0,0
customer-0009-2025-01,customer-0009,2025-01,21,27.255,-8.478,1,0,standard,north,2,0,0
customer-0009-2025-02,customer-0009,2025-02,22,28.233,-8.784,1,0,standard,north,1,0,0
customer-0009-2025-03,customer-0009,2025-03,23,30.071,-11.065,1,0,standard,north,3,0,0
customer-0010-2025-01,customer-0010,2025-01,46,24.235,1.748,1,0,standard,east,4,0,0
customer-0010-2025-02,customer-0010,2025-02,47,28.876,2.588,1,0,standard,east,3,0,0
customer-0010-2025-03,customer-0010,2025-03,48,26.048,4.738,0,0,standard,east,3,0,0
customer-0011-2025-01,customer-0011,2025-01,39,25.277,12.842,2,1,standard,west,4,0,0
customer-0011-2025-02,customer-0011,2025-02,40,27.316,5.872,1,0,standard,west,1,0,0
customer-0011-2025-03,customer-0011,2025-03,41,23.279,3.135,0,2,standard,west,1,0,0
customer-0012-2025-01,customer-0012,2025-01,6,15.844,1.289,1,1,basic,south,1,0,0
customer-0012-2025-02,customer-0012,2025-02,7,18.224,2.493,0,0,basic,south,4,1,0
customer-0012-2025-03,customer-0012,2025-03,8,17.045,2.313,7,0,basic,south,1,1,1
customer-0013-2025-01,customer-0013,2025-01,36,20.091,7.295,3,0,basic,south,2,0,0
customer-0013-2025-02,customer-0013,2025-02,37,13.300,-4.196,2,0,basic,south,1,0,0
customer-0013-2025-03,customer-0013,2025-03,38,11.833,-6.881,1,0,basic,south,4,0,0
customer-0014-2025-01,customer-0014,2025-01,33,23.586,-6.016,0,0,basic,north,1,0,0
customer-0014-2025-02,customer-0014,2025-02,34,17.335,-8.066,0,0,basic,north,2,0,0
customer-0014-2025-03,customer-0014,2025-03,35,11.273,-4.013,2,0,basic,north,1,1,1
customer-0015-2025-01,customer-0015,2025-01,20,30.880,2.898,0,0,basic,west,2,0,0
customer-0015-2025-02,customer-0015,2025-02,21,24.925,-9.441,0,0,basic,west,3,0,0
customer-0015-2025-03,customer-0015,2025-03,22,29.399,2.202,0,0,basic,west,4,1,1
customer-0016-2025-01,customer-0016,2025-01,43,16.439,5.044,1,1,basic,east,0,0,0
customer-0016-2025-02,customer-0016,2025-02,44,11.120,-3.796,5,1,basic,east,3,1,1
customer-0016-2025-03,customer-0016,2025-03,45,15.743,8.365,0,0,basic,east,3,0,0
customer-0017-2025-01,customer-0017,2025-01,20,16.084,-10.751,0,2,basic,east,0,0,0
customer-0017-2025-02,customer-0017,2025-02,21,26.061,18.916,1,0,basic,east,0,0,0
customer-0017-2025-03,customer-0017,2025-03,22,22.614,-0.151,3,0,basic,east,4,0,0
customer-0018-2025-01,customer-0018,2025-01,13,20.193,6.271,3,1,standard,south,1,0,0
customer-0018-2025-02,customer-0018,2025-02,14,20.286,-0.788,3,2,standard,south,0,0,0
customer-0018-2025-03,customer-0018,2025-03,15,26.109,7.658,1,0,standard,south,4,0,0
customer-0019-2025-01,customer-0019,2025-01,39,21.521,-2.910,0,0,premium,south,2,0,0
customer-0019-2025-02,customer-0019,2025-02,40,32.670,3.924,0,1,premium,south,4,0,0
customer-0019-2025-03,customer-0019,2025-03,41,30.194,0.807,0,1,premium,south,3,0,0
customer-0020-2025-01,customer-0020,2025-01,14,21.544,-8.303,2,1,premium,west,2,0,0
customer-0020-2025-02,customer-0020,2025-02,15,23.405,-7.655,3,1,premium,west,0,0,0
customer-0020-2025-03,customer-0020,2025-03,16,29.594,1.535,0,1,premium,west,4,0,0
customer-0021-2025-01,customer-0021,2025-01,7,24.164,3.224,0,2,premium,north,3,0,0
customer-0021-2025-02,customer-0021,2025-02,8,24.198,-2.559,0,1,premium,north,4,1,1
customer-0021-2025-03,customer-0021,2025-03,9,20.851,-7.069,0,1,premium,north,2,0,0
customer-0022-2025-01,customer-0022,2025-01,10,18.421,-10.390,0,1,standard,north,1,0,0
customer-0022-2025-02,customer-0022,2025-02,11,18.335,-6.000,0,1,standard,north,1,0,0
customer-0022-2025-03,customer-0022,2025-03,12,25.262,2.595,0,0,standard,north,2,0,0
customer-0023-2025-01,customer-0023,2025-01,39,21.159,2.211,0,0,basic,east,2,0,0
customer-0023-2025-02,customer-0023,2025-02,40,19.677,-2.279,0,0,basic,east,0,0,0
customer-0023-2025-03,customer-0023,2025-03,41,12.170,0.484,0,0,basic,east,0,0,0
customer-0024-2025-01,customer-0024,2025-01,45,16.470,-7.190,0,0,basic,north,3,0,0
customer-0024-2025-02,customer-0024,2025-02,46,11.611,-8.834,1,1,basic,north,0,0,0
customer-0024-2025-03,customer-0024,2025-03,47,21.222,-4.743,0,0,basic,north,4,0,0
customer-0025-2025-01,customer-0025,2025-01,28,22.405,-10.206,0,0,basic,south,1,0,0
customer-0025-2025-02,customer-0025,2025-02,29,22.394,-0.221,0,0,basic,south,2,0,0
customer-0025-2025-03,customer-0025,2025-03,30,22.643,-6.607,2,0,basic,south,1,0,0
customer-0026-2025-01,customer-0026,2025-01,9,12.616,-2.288,1,0,basic,north,0,0,0
customer-0026-2025-02,customer-0026,2025-02,10,9.932,0.345,0,0,basic,north,4,0,0
customer-0026-2025-03,customer-0026,2025-03,11,10.248,-3.900,0,0,basic,north,4,0,0
customer-0027-2025-01,customer-0027,2025-01,9,14.077,-0.609,2,0,basic,south,4,0,0
customer-0027-2025-02,customer-0027,2025-02,10,12.093,4.588,1,0,basic,south,1,0,0
customer-0027-2025-03,customer-0027,2025-03,11,21.125,-6.111,1,0,basic,south,0,0,0
customer-0028-2025-01,customer-0028,2025-01,40,17.501,-2.813,1,0,basic,south,2,0,0
customer-0028-2025-02,customer-0028,2025-02,41,17.477,6.284,0,0,basic,south,1,0,0
customer-0028-2025-03,customer-0028,2025-03,42,22.751,-2.391,0,2,basic,south,0,0,0
customer-0029-2025-01,customer-0029,2025-01,11,24.288,-2.134,2,0,basic,west,2,0,0
customer-0029-2025-02,customer-0029,2025-02,12,15.000,-4.292,2,1,basic,west,0,0,0
customer-0029-2025-03,customer-0029,2025-03,13,11.039,-17.236,0,0,basic,west,2,0,0
customer-0030-2025-01,customer-0030,2025-01,20,27.444,-2.060,0,1,basic,north,1,0,0
customer-0030-2025-02,customer-0030,2025-02,21,28.250,-0.306,1,2,basic,north,1,0,1
customer-0030-2025-03,customer-0030,2025-03,22,20.835,-8.311,1,0,basic,north,0,0,0
customer-0031-2025-01,customer-0031,2025-01,15,21.280,4.181,1,1,basic,west,4,0,0
customer-0031-2025-02,customer-0031,2025-02,16,28.299,3.557,1,0,basic,west,2,0,0
customer-0031-2025-03,customer-0031,2025-03,17,27.772,-0.334,0,0,basic,west,4,0,1
customer-0032-2025-01,customer-0032,2025-01,8,5.239,3.734,4,0,premium,south,4,0,0
customer-0032-2025-02,customer-0032,2025-02,9,12.234,0.671,0,0,premium,south,1,0,0
customer-0032-2025-03,customer-0032,2025-03,10,12.053,8.380,1,1,premium,south,2,0,0
customer-0033-2025-01,customer-0033,2025-01,7,20.788,-4.247,1,1,premium,west,0,0,0
customer-0033-2025-02,customer-0033,2025-02,8,21.030,2.832,1,1,premium,west,2,0,0
customer-0033-2025-03,customer-0033,2025-03,9,19.054,0.410,0,0,premium,west,2,0,0
customer-0034-2025-01,customer-0034,2025-01,34,25.573,2.297,1,0,premium,west,0,0,0
customer-0034-2025-02,customer-0034,2025-02,35,26.592,0.435,1,0,premium,west,3,0,0
customer-0034-2025-03,customer-0034,2025-03,36,25.628,-5.046,2,1,premium,west,0,0,0
customer-0035-2025-01,customer-0035,2025-01,34,16.127,-6.208,0,0,premium,south,4,0,0
customer-0035-2025-02,customer-0035,2025-02,35,17.740,-5.020,0,1,premium,south,2,0,0
customer-0035-2025-03,customer-0035,2025-03,36,20.465,-7.252,3,0,premium,south,1,1,1
customer-0036-2025-01,customer-0036,2025-01,7,27.914,3.908,0,1,basic,east,3,0,0
customer-0036-2025-02,customer-0036,2025-02,8,33.459,7.418,1,0,basic,east,2,0,0
customer-0036-2025-03,customer-0036,2025-03,9,26.117,-7.288,1,1,basic,east,3,1,1
customer-0037-2025-01,customer-0037,2025-01,43,9.876,-1.985,0,0,basic,east,1,0,0
customer-0037-2025-02,customer-0037,2025-02,44,10.413,0.778,0,0,basic,east,0,0,0
customer-0037-2025-03,customer-0037,2025-03,45,9.952,-9.199,1,0,basic,east,3,0,0
customer-0038-2025-01,customer-0038,2025-01,16,35.674,-7.129,0,0,standard,south,2,0,0
customer-0038-2025-02,customer-0038,2025-02,17,30.178,-12.398,0,0,standard,south,2,1,1
customer-0038-2025-03,customer-0038,2025-03,18,34.390,-4.754,0,0,standard,south,4,0,0
customer-0039-2025-01,customer-0039,2025-01,30,18.261,10.659,3,1,basic,south,0,0,0
customer-0039-2025-02,customer-0039,2025-02,31,25.058,7.798,0,1,basic,south,0,0,0
customer-0039-2025-03,customer-0039,2025-03,32,20.833,9.799,2,0,basic,south,2,0,0
customer-0040-2025-01,customer-0040,2025-01,7,18.169,-9.108,3,0,premium,west,1,0,1
customer-0040-2025-02,customer-0040,2025-02,8,19.981,-2.707,0,1,premium,west,4,0,0
customer-0040-2025-03,customer-0040,2025-03,9,21.103,-6.499,1,0,premium,west,4,0,0
customer-0041-2025-01,customer-0041,2025-01,40,24.651,5.321,2,1,basic,east,3,0,0
customer-0041-2025-02,customer-0041,2025-02,41,22.099,-16.760,0,0,basic,east,3,1,1
customer-0041-2025-03,customer-0041,2025-03,42,21.173,-5.533,1,0,basic,east,0,0,0
customer-0042-2025-01,customer-0042,2025-01,7,26.675,1.508,1,1,standard,east,1,1,1
customer-0042-2025-02,customer-0042,2025-02,8,24.190,1.359,4,0,standard,east,2,0,1
customer-0042-2025-03,customer-0042,2025-03,9,24.028,-0.559,6,1,standard,east,1,0,0
customer-0043-2025-01,customer-0043,2025-01,24,19.491,1.940,1,1,standard,west,3,0,0
customer-0043-2025-02,customer-0043,2025-02,25,24.467,6.266,7,1,standard,west,1,1,1
customer-0043-2025-03,customer-0043,2025-03,26,19.145,-9.604,1,0,standard,west,3,0,0
customer-0044-2025-01,customer-0044,2025-01,25,19.962,1.320,0,1,premium,north,2,0,0
customer-0044-2025-02,customer-0044,2025-02,26,19.567,4.565,1,0,premium,north,0,0,0
customer-0044-2025-03,customer-0044,2025-03,27,14.017,0.178,0,1,premium,north,0,0,0
customer-0045-2025-01,customer-0045,2025-01,37,20.825,-5.531,2,1,basic,west,2,1,1
customer-0045-2025-02,customer-0045,2025-02,38,23.776,-2.685,2,0,basic,west,1,0,0
customer-0045-2025-03,customer-0045,2025-03,39,19.704,-0.410,0,0,basic,west,1,0,0
customer-0046-2025-01,customer-0046,2025-01,1,15.574,-16.671,1,0,premium,east,0,0,0
customer-0046-2025-02,customer-0046,2025-02,2,14.224,-12.047,0,0,premium,east,3,0,0
customer-0046-2025-03,customer-0046,2025-03,3,20.881,1.481,0,0,premium,east,4,0,0
customer-0047-2025-01,customer-0047,2025-01,26,10.098,3.960,1,1,basic,west,3,0,0
customer-0047-2025-02,customer-0047,2025-02,27,6.757,-1.883,1,0,basic,west,2,0,0
customer-0047-2025-03,customer-0047,2025-03,28,8.524,1.538,0,0,basic,west,4,0,0
customer-0048-2025-01,customer-0048,2025-01,12,19.075,-10.091,0,0,standard,west,1,1,1
customer-0048-2025-02,customer-0048,2025-02,13,21.459,-3.654,0,0,standard,west,1,0,0
customer-0048-2025-03,customer-0048,2025-03,14,25.453,-3.285,0,0,standard,west,2,0,0
customer-0049-2025-01,customer-0049,2025-01,47,17.284,1.660,1,0,basic,east,4,0,0
customer-0049-2025-02,customer-0049,2025-02,48,15.181,4.409,0,0,basic,east,2,1,0
customer-0049-2025-03,customer-0049,2025-03,49,19.356,2.275,1,1,basic,east,4,0,0
customer-0050-2025-01,customer-0050,2025-01,33,24.999,0.144,0,1,premium,east,3,0,0
customer-0050-2025-02,customer-0050,2025-02,34,21.091,-6.167,4,0,premium,east,4,0,1
customer-0050-2025-03,customer-0050,2025-03,35,24.499,4.141,0,0,premium,east,1,0,0
customer-0051-2025-01,customer-0051,2025-01,20,29.079,-1.547,0,0,basic,west,4,1,1
customer-0051-2025-02,customer-0051,2025-02,21,28.774,0.273,1,0,basic,west,1,0,0
customer-0051-2025-03,customer-0051,2025-03,22,26.438,-15.317,0,0,basic,west,0,0,0
customer-0052-2025-01,customer-0052,2025-01,41,25.422,2.667,1,0,standard,south,4,0,0
customer-0052-2025-02,customer-0052,2025-02,42,23.653,-5.697,1,0,standard,south,2,0,0
customer-0052-2025-03,customer-0052,2025-03,43,24.171,8.772,1,1,standard,south,2,0,0
customer-0053-2025-01,customer-0053,2025-01,4,19.369,-1.387,4,0,basic,east,4,0,0
customer-0053-2025-02,customer-0053,2025-02,5,20.519,-6.076,1,1,basic,east,2,0,0
customer-0053-2025-03,customer-0053,2025-03,6,19.981,1.927,0,0,basic,east,2,0,0
customer-0054-2025-01,customer-0054,2025-01,48,13.941,-0.442,2,0,standard,west,1,0,0
customer-0054-2025-02,customer-0054,2025-02,49,20.386,-1.674,2,0,standard,west,1,1,1
customer-0054-2025-03,customer-0054,2025-03,50,18.660,-0.841,2,0,standard,west,1,0,0
customer-0055-2025-01,customer-0055,2025-01,43,21.164,-7.071,1,0,basic,east,4,0,0
customer-0055-2025-02,customer-0055,2025-02,44,23.268,1.270,1,1,basic,east,3,0,0
customer-0055-2025-03,customer-0055,2025-03,45,25.445,3.705,2,1,basic,east,1,0,1
customer-0056-2025-01,customer-0056,2025-01,19,14.809,-12.077,0,0,premium,east,1,0,0
customer-0056-2025-02,customer-0056,2025-02,20,13.357,-0.699,0,0,premium,east,2,0,0
customer-0056-2025-03,customer-0056,2025-03,21,19.248,4.109,0,0,premium,east,0,0,0
customer-0057-2025-01,customer-0057,2025-01,18,19.797,-4.772,2,0,standard,west,2,0,0
customer-0057-2025-02,customer-0057,2025-02,19,18.796,-5.067,1,1,standard,west,3,0,0
customer-0057-2025-03,customer-0057,2025-03,20,20.223,3.799,0,2,standard,west,0,0,0
customer-0058-2025-01,customer-0058,2025-01,2,21.378,4.326,2,0,standard,east,2,1,1
customer-0058-2025-02,customer-0058,2025-02,3,19.913,-4.234,0,2,standard,east,0,0,0
customer-0058-2025-03,customer-0058,2025-03,4,23.466,-3.852,0,0,standard,east,1,0,1
customer-0059-2025-01,customer-0059,2025-01,18,15.657,3.087,0,0,basic,south,2,0,0
customer-0059-2025-02,customer-0059,2025-02,19,16.112,-4.884,0,0,basic,south,2,0,0
customer-0059-2025-03,customer-0059,2025-03,20,14.513,-4.021,1,0,basic,south,1,0,0
customer-0060-2025-01,customer-0060,2025-01,44,18.618,1.088,1,0,standard,south,1,0,0
customer-0060-2025-02,customer-0060,2025-02,45,27.391,-7.221,1,0,standard,south,0,0,0
customer-0060-2025-03,customer-0060,2025-03,46,26.721,-10.710,0,0,standard,south,0,0,0
customer-0061-2025-01,customer-0061,2025-01,42,10.985,-0.094,0,0,premium,south,0,0,0
customer-0061-2025-02,customer-0061,2025-02,43,13.758,5.849,0,0,premium,south,4,0,0
customer-0061-2025-03,customer-0061,2025-03,44,9.475,2.487,4,1,premium,south,1,0,0
customer-0062-2025-01,customer-0062,2025-01,7,20.395,-2.954,0,0,basic,north,0,0,0
customer-0062-2025-02,customer-0062,2025-02,8,17.716,-11.639,0,0,basic,north,3,0,1
customer-0062-2025-03,customer-0062,2025-03,9,16.157,-16.514,0,0,basic,north,0,0,0
customer-0063-2025-01,customer-0063,2025-01,46,22.112,0.452,0,0,premium,north,3,0,0
customer-0063-2025-02,customer-0063,2025-02,47,17.349,-2.459,0,0,premium,north,1,0,0
customer-0063-2025-03,customer-0063,2025-03,48,20.427,-8.687,2,0,premium,north,3,0,0
customer-0064-2025-01,customer-0064,2025-01,30,14.206,2.177,2,0,standard,south,3,0,0
customer-0064-2025-02,customer-0064,2025-02,31,13.291,-6.167,0,1,standard,south,3,0,0
customer-0064-2025-03,customer-0064,2025-03,32,10.928,-7.644,1,0,standard,south,0,0,1
customer-0065-2025-01,customer-0065,2025-01,14,24.623,-6.440,2,0,standard,west,1,0,0
customer-0065-2025-02,customer-0065,2025-02,15,26.094,-12.773,0,0,standard,west,3,0,0
customer-0065-2025-03,customer-0065,2025-03,16,28.884,-11.099,0,0,standard,west,0,0,0
customer-0066-2025-01,customer-0066,2025-01,46,24.109,-0.098,1,0,premium,east,4,0,0
customer-0066-2025-02,customer-0066,2025-02,47,16.702,0.693,4,1,premium,east,1,0,0
customer-0066-2025-03,customer-0066,2025-03,48,21.044,0.296,0,0,premium,east,4,0,0
customer-0067-2025-01,customer-0067,2025-01,43,10.062,-2.024,2,0,basic,west,0,0,0
customer-0067-2025-02,customer-0067,2025-02,44,16.611,12.977,1,0,basic,west,0,0,0
customer-0067-2025-03,customer-0067,2025-03,45,12.313,-1.418,1,0,basic,west,3,0,0
customer-0068-2025-01,customer-0068,2025-01,35,25.228,-3.359,0,0,standard,west,0,1,1
customer-0068-2025-02,customer-0068,2025-02,36,24.676,-1.841,1,0,standard,west,3,0,0
customer-0068-2025-03,customer-0068,2025-03,37,27.050,-3.510,4,0,standard,west,0,0,0
customer-0069-2025-01,customer-0069,2025-01,31,18.268,-1.555,1,1,standard,west,4,0,0
customer-0069-2025-02,customer-0069,2025-02,32,14.975,-7.157,4,1,standard,west,3,0,1
customer-0069-2025-03,customer-0069,2025-03,33,15.425,-2.978,0,1,standard,west,0,0,0
customer-0070-2025-01,customer-0070,2025-01,8,21.574,-0.874,2,0,standard,east,4,0,0
customer-0070-2025-02,customer-0070,2025-02,9,19.905,-3.806,2,0,standard,east,3,0,0
customer-0070-2025-03,customer-0070,2025-03,10,19.024,-6.195,3,0,standard,east,1,1,1
customer-0071-2025-01,customer-0071,2025-01,6,25.455,0.629,0,1,basic,north,1,0,0
customer-0071-2025-02,customer-0071,2025-02,7,18.749,-8.407,0,0,basic,north,3,0,0
customer-0071-2025-03,customer-0071,2025-03,8,22.136,-11.336,1,0,basic,north,1,0,0
customer-0072-2025-01,customer-0072,2025-01,1,23.104,-7.960,1,0,basic,north,2,1,1
customer-0072-2025-02,customer-0072,2025-02,2,24.461,3.397,0,0,basic,north,3,0,0
customer-0072-2025-03,customer-0072,2025-03,3,23.381,-5.750,0,1,basic,north,4,0,0
customer-0073-2025-01,customer-0073,2025-01,12,29.655,-2.888,0,0,basic,west,4,1,1
customer-0073-2025-02,customer-0073,2025-02,13,27.914,3.194,2,0,basic,west,2,0,0
customer-0073-2025-03,customer-0073,2025-03,14,26.579,-0.577,0,0,basic,west,2,0,0
customer-0074-2025-01,customer-0074,2025-01,6,21.528,-7.048,1,1,basic,south,0,0,1
customer-0074-2025-02,customer-0074,2025-02,7,24.546,2.341,0,1,basic,south,0,0,0
customer-0074-2025-03,customer-0074,2025-03,8,23.826,-1.133,1,0,basic,south,3,0,0
customer-0075-2025-01,customer-0075,2025-01,21,18.769,-10.228,0,0,standard,east,2,0,0
customer-0075-2025-02,customer-0075,2025-02,22,15.978,-6.803,0,0,standard,east,4,0,0
customer-0075-2025-03,customer-0075,2025-03,23,23.883,11.741,0,0,standard,east,1,0,0
customer-0076-2025-01,customer-0076,2025-01,29,16.502,-9.705,0,0,premium,west,4,0,0
customer-0076-2025-02,customer-0076,2025-02,30,14.025,-3.853,0,0,premium,west,2,0,0
customer-0076-2025-03,customer-0076,2025-03,31,11.580,-13.827,1,0,premium,west,1,0,0
customer-0077-2025-01,customer-0077,2025-01,41,26.548,2.600,0,0,basic,north,3,0,0
customer-0077-2025-02,customer-0077,2025-02,42,28.871,3.218,0,1,basic,north,1,0,0
customer-0077-2025-03,customer-0077,2025-03,43,20.775,-4.862,1,0,basic,north,1,0,0
customer-0078-2025-01,customer-0078,2025-01,16,10.033,-12.167,0,0,premium,west,1,0,0
customer-0078-2025-02,customer-0078,2025-02,17,11.891,0.033,0,0,premium,west,4,0,0
customer-0078-2025-03,customer-0078,2025-03,18,11.488,-5.344,0,0,premium,west,1,0,0
customer-0079-2025-01,customer-0079,2025-01,19,23.993,-7.104,0,1,basic,north,3,1,1
customer-0079-2025-02,customer-0079,2025-02,20,30.289,-2.132,0,0,basic,north,1,1,0
customer-0079-2025-03,customer-0079,2025-03,21,28.257,-11.392,0,0,basic,north,2,0,0
customer-0080-2025-01,customer-0080,2025-01,44,21.577,-7.404,1,0,basic,west,3,0,0
customer-0080-2025-02,customer-0080,2025-02,45,23.732,8.114,2,2,basic,west,3,0,0
customer-0080-2025-03,customer-0080,2025-03,46,25.187,-0.559,1,0,basic,west,0,0,0
customer-0081-2025-01,customer-0081,2025-01,16,30.057,-5.639,0,0,premium,north,0,0,0
customer-0081-2025-02,customer-0081,2025-02,17,25.325,-2.472,0,1,premium,north,0,0,0
customer-0081-2025-03,customer-0081,2025-03,18,26.269,-9.267,0,0,premium,north,2,0,0
customer-0082-2025-01,customer-0082,2025-01,21,17.976,2.647,0,0,standard,south,1,0,0
customer-0082-2025-02,customer-0082,2025-02,22,14.666,-8.939,0,1,standard,south,4,0,0
customer-0082-2025-03,customer-0082,2025-03,23,21.641,8.353,1,1,standard,south,3,0,0
customer-0083-2025-01,customer-0083,2025-01,32,20.007,-7.434,0,0,basic,west,4,0,0
customer-0083-2025-02,customer-0083,2025-02,33,20.265,-1.506,5,0,basic,west,1,0,0
customer-0083-2025-03,customer-0083,2025-03,34,25.198,4.436,2,0,basic,west,0,1,1
customer-0084-2025-01,customer-0084,2025-01,41,18.050,-4.808,4,1,basic,north,0,0,0
customer-0084-2025-02,customer-0084,2025-02,42,20.601,-1.076,0,1,basic,north,4,0,0
customer-0084-2025-03,customer-0084,2025-03,43,22.252,-0.895,1,0,basic,north,1,0,0
customer-0085-2025-01,customer-0085,2025-01,37,17.506,9.586,4,0,standard,south,2,0,0
customer-0085-2025-02,customer-0085,2025-02,38,13.845,-10.154,1,0,standard,south,0,0,0
customer-0085-2025-03,customer-0085,2025-03,39,11.460,-13.222,0,1,standard,south,0,0,0
customer-0086-2025-01,customer-0086,2025-01,36,33.214,-9.124,0,0,basic,south,2,0,0
customer-0086-2025-02,customer-0086,2025-02,37,27.400,-14.074,0,0,basic,south,4,1,1
customer-0086-2025-03,customer-0086,2025-03,38,30.687,-9.120,1,0,basic,south,2,0,0
customer-0087-2025-01,customer-0087,2025-01,33,23.513,4.250,2,0,premium,east,0,0,0
customer-0087-2025-02,customer-0087,2025-02,34,22.597,16.412,0,1,premium,east,1,0,0
customer-0087-2025-03,customer-0087,2025-03,35,18.422,-0.716,0,0,premium,east,4,0,0
customer-0088-2025-01,customer-0088,2025-01,45,19.504,2.476,0,0,standard,west,1,0,0
customer-0088-2025-02,customer-0088,2025-02,46,21.782,-0.444,0,1,standard,west,3,1,0
customer-0088-2025-03,customer-0088,2025-03,47,21.937,-7.331,2,0,standard,west,1,0,0
customer-0089-2025-01,customer-0089,2025-01,8,20.732,1.674,1,1,premium,east,1,0,0
customer-0089-2025-02,customer-0089,2025-02,9,18.978,-15.493,0,0,premium,east,4,0,0
customer-0089-2025-03,customer-0089,2025-03,10,27.762,0.529,0,0,premium,east,3,0,0
customer-0090-2025-01,customer-0090,2025-01,17,30.758,8.443,4,0,standard,north,3,0,0
customer-0090-2025-02,customer-0090,2025-02,18,27.341,3.925,1,1,standard,north,0,0,0
customer-0090-2025-03,customer-0090,2025-03,19,27.605,2.667,2,0,standard,north,3,0,0
customer-0091-2025-01,customer-0091,2025-01,33,15.549,-1.974,0,1,standard,south,0,0,0
customer-0091-2025-02,customer-0091,2025-02,34,17.269,-4.367,0,1,standard,south,4,0,0
customer-0091-2025-03,customer-0091,2025-03,35,15.047,-10.136,0,1,standard,south,1,0,0
customer-0092-2025-01,customer-0092,2025-01,22,22.180,4.335,3,0,basic,east,0,0,0
customer-0092-2025-02,customer-0092,2025-02,23,19.990,-2.440,0,1,basic,east,3,0,0
customer-0092-2025-03,customer-0092,2025-03,24,23.290,3.334,2,0,basic,east,2,0,0
customer-0093-2025-01,customer-0093,2025-01,36,28.096,1.427,0,1,standard,west,0,0,0
customer-0093-2025-02,customer-0093,2025-02,37,21.637,-2.268,1,0,standard,west,1,0,0
customer-0093-2025-03,customer-0093,2025-03,38,18.230,-12.734,1,0,standard,west,4,0,0
customer-0094-2025-01,customer-0094,2025-01,24,20.603,1.892,0,1,premium,south,0,0,0
customer-0094-2025-02,customer-0094,2025-02,25,17.086,-3.852,0,0,premium,south,3,0,0
customer-0094-2025-03,customer-0094,2025-03,26,22.135,-2.337,0,0,premium,south,1,0,0
customer-0095-2025-01,customer-0095,2025-01,45,17.579,7.113,1,2,premium,south,2,0,0
customer-0095-2025-02,customer-0095,2025-02,46,9.191,1.339,3,0,premium,south,2,0,0
customer-0095-2025-03,customer-0095,2025-03,47,16.750,10.618,3,0,premium,south,2,0,0
customer-0096-2025-01,customer-0096,2025-01,23,25.302,-0.026,0,1,standard,north,1,0,0
customer-0096-2025-02,customer-0096,2025-02,24,24.124,-4.605,0,0,standard,north,3,0,0
customer-0096-2025-03,customer-0096,2025-03,25,23.067,7.654,0,0,standard,north,3,0,0
customer-0097-2025-01,customer-0097,2025-01,15,14.837,-6.409,0,0,standard,north,1,0,0
customer-0097-2025-02,customer-0097,2025-02,16,13.211,-6.504,2,0,standard,north,4,1,1
customer-0097-2025-03,customer-0097,2025-03,17,19.179,-4.226,0,1,standard,north,3,0,1
customer-0098-2025-01,customer-0098,2025-01,19,19.483,-10.339,0,0,basic,north,1,0,0
customer-0098-2025-02,customer-0098,2025-02,20,21.504,-4.375,0,1,basic,north,2,0,0
customer-0098-2025-03,customer-0098,2025-03,21,25.126,-3.143,1,1,basic,north,1,1,1
customer-0099-2025-01,customer-0099,2025-01,33,14.935,9.812,1,1,basic,south,1,0,0
customer-0099-2025-02,customer-0099,2025-02,34,16.230,9.028,2,0,basic,south,0,0,0
customer-0099-2025-03,customer-0099,2025-03,35,12.071,0.057,1,1,basic,south,4,0,0
customer-0100-2025-01,customer-0100,2025-01,32,19.178,-0.200,6,1,basic,south,1,0,0
customer-0100-2025-02,customer-0100,2025-02,33,25.010,3.257,0,0,basic,south,0,0,0
customer-0100-2025-03,customer-0100,2025-03,34,25.661,-3.062,1,0,basic,south,1,0,0
customer-0101-2025-01,customer-0101,2025-01,21,20.701,0.207,1,0,basic,north,3,0,0
customer-0101-2025-02,customer-0101,2025-02,22,16.719,-9.930,0,1,basic,north,1,0,0
customer-0101-2025-03,customer-0101,2025-03,23,27.306,6.371,0,0,basic,north,3,0,0
customer-0102-2025-01,customer-0102,2025-01,6,28.542,1.692,0,1,basic,south,3,1,1
customer-0102-2025-02,customer-0102,2025-02,7,23.546,-2.633,3,0,basic,south,1,0,0
customer-0102-2025-03,customer-0102,2025-03,8,25.913,-0.507,0,1,basic,south,4,0,0
customer-0103-2025-01,customer-0103,2025-01,39,13.103,-7.058,0,1,premium,north,4,0,0
customer-0103-2025-02,customer-0103,2025-02,40,10.123,-5.207,0,0,premium,north,2,0,0
customer-0103-2025-03,customer-0103,2025-03,41,13.230,-1.274,2,0,premium,north,0,0,0
customer-0104-2025-01,customer-0104,2025-01,15,21.383,6.253,0,2,basic,north,3,0,0
customer-0104-2025-02,customer-0104,2025-02,16,19.989,8.251,1,0,basic,north,2,1,0
customer-0104-2025-03,customer-0104,2025-03,17,21.938,6.765,0,0,basic,north,0,0,0
customer-0105-2025-01,customer-0105,2025-01,2,17.841,6.069,5,0,basic,south,1,0,0
customer-0105-2025-02,customer-0105,2025-02,3,16.050,-4.445,6,0,basic,south,1,0,0
customer-0105-2025-03,customer-0105,2025-03,4,13.908,-4.244,0,2,basic,south,3,1,1
customer-0106-2025-01,customer-0106,2025-01,18,19.960,6.124,0,0,standard,south,1,0,0
customer-0106-2025-02,customer-0106,2025-02,19,21.597,9.879,2,2,standard,south,0,0,0
customer-0106-2025-03,customer-0106,2025-03,20,13.582,-8.236,5,1,standard,south,0,0,1
customer-0107-2025-01,customer-0107,2025-01,39,14.530,1.218,1,0,standard,north,1,0,0
customer-0107-2025-02,customer-0107,2025-02,40,16.316,8.902,0,0,standard,north,3,0,0
customer-0107-2025-03,customer-0107,2025-03,41,19.014,8.718,0,0,standard,north,4,0,0
customer-0108-2025-01,customer-0108,2025-01,4,21.363,-4.567,0,0,basic,south,4,0,0
customer-0108-2025-02,customer-0108,2025-02,5,15.597,1.273,0,1,basic,south,1,0,0
customer-0108-2025-03,customer-0108,2025-03,6,23.710,-1.746,0,0,basic,south,1,0,0
customer-0109-2025-01,customer-0109,2025-01,31,25.223,-12.059,0,1,standard,north,3,1,1
customer-0109-2025-02,customer-0109,2025-02,32,27.116,1.606,1,0,standard,north,4,0,0
customer-0109-2025-03,customer-0109,2025-03,33,25.728,-10.513,0,0,standard,north,0,0,0
customer-0110-2025-01,customer-0110,2025-01,23,17.880,-6.444,0,0,basic,south,0,1,1
customer-0110-2025-02,customer-0110,2025-02,24,26.229,-4.718,0,0,basic,south,2,0,0
customer-0110-2025-03,customer-0110,2025-03,25,23.005,-4.076,1,0,basic,south,3,0,0
customer-0111-2025-01,customer-0111,2025-01,19,10.260,-3.515,2,1,standard,north,4,0,0
customer-0111-2025-02,customer-0111,2025-02,20,13.501,3.716,2,0,standard,north,3,0,0
customer-0111-2025-03,customer-0111,2025-03,21,17.210,6.580,0,0,standard,north,1,0,0
customer-0112-2025-01,customer-0112,2025-01,14,11.676,3.054,1,0,standard,west,1,0,0
customer-0112-2025-02,customer-0112,2025-02,15,14.484,4.425,0,0,standard,west,3,0,0
customer-0112-2025-03,customer-0112,2025-03,16,6.788,-4.168,2,0,standard,west,4,1,1
customer-0113-2025-01,customer-0113,2025-01,10,23.845,-2.455,0,0,standard,north,3,0,0
customer-0113-2025-02,customer-0113,2025-02,11,27.841,-3.009,0,1,standard,north,3,0,0
customer-0113-2025-03,customer-0113,2025-03,12,25.403,3.121,0,0,standard,north,1,0,0
customer-0114-2025-01,customer-0114,2025-01,35,24.512,-12.013,2,0,basic,west,2,1,1
customer-0114-2025-02,customer-0114,2025-02,36,26.108,0.168,1,2,basic,west,0,1,1
customer-0114-2025-03,customer-0114,2025-03,37,25.230,-4.640,0,2,basic,west,3,0,0
customer-0115-2025-01,customer-0115,2025-01,44,20.021,-6.158,0,0,premium,east,2,0,0
customer-0115-2025-02,customer-0115,2025-02,45,18.674,1.528,0,0,premium,east,3,0,0
customer-0115-2025-03,customer-0115,2025-03,46,18.011,-9.894,1,0,premium,east,3,0,0
customer-0116-2025-01,customer-0116,2025-01,35,17.432,3.473,3,1,standard,west,0,0,0
customer-0116-2025-02,customer-0116,2025-02,36,18.030,6.230,0,0,standard,west,1,0,0
customer-0116-2025-03,customer-0116,2025-03,37,13.566,8.348,0,0,standard,west,2,0,0
customer-0117-2025-01,customer-0117,2025-01,21,17.233,-3.384,2,0,premium,north,3,0,0
customer-0117-2025-02,customer-0117,2025-02,22,18.804,-2.724,0,0,premium,north,3,0,0
customer-0117-2025-03,customer-0117,2025-03,23,18.398,7.011,0,0,premium,north,2,0,0
customer-0118-2025-01,customer-0118,2025-01,28,19.084,0.930,1,1,standard,east,1,0,0
customer-0118-2025-02,customer-0118,2025-02,29,19.635,-7.580,0,1,standard,east,0,0,0
customer-0118-2025-03,customer-0118,2025-03,30,17.506,5.484,2,0,standard,east,0,0,1
customer-0119-2025-01,customer-0119,2025-01,37,30.527,-7.363,0,0,basic,north,0,0,0
customer-0119-2025-02,customer-0119,2025-02,38,27.580,-14.814,0,0,basic,north,1,0,0
customer-0119-2025-03,customer-0119,2025-03,39,29.358,-17.020,0,0,basic,north,4,0,0
customer-0120-2025-01,customer-0120,2025-01,8,24.998,-6.036,0,0,basic,north,1,0,0
customer-0120-2025-02,customer-0120,2025-02,9,22.665,8.947,0,0,basic,north,1,0,0
customer-0120-2025-03,customer-0120,2025-03,10,17.800,-9.625,1,1,basic,north,4,0,0
customer-0121-2025-01,customer-0121,2025-01,32,27.442,2.664,0,0,premium,west,3,0,0
customer-0121-2025-02,customer-0121,2025-02,33,24.967,-5.658,0,0,premium,west,4,0,0
customer-0121-2025-03,customer-0121,2025-03,34,31.122,-3.574,1,0,premium,west,3,0,0
customer-0122-2025-01,customer-0122,2025-01,22,15.632,-3.831,1,0,standard,south,1,0,0
customer-0122-2025-02,customer-0122,2025-02,23,21.841,10.338,0,0,standard,south,2,0,0
customer-0122-2025-03,customer-0122,2025-03,24,15.085,-0.559,0,0,standard,south,1,0,0
customer-0123-2025-01,customer-0123,2025-01,12,27.834,4.729,1,0,premium,west,4,0,0
customer-0123-2025-02,customer-0123,2025-02,13,23.705,-14.634,0,0,premium,west,4,0,0
customer-0123-2025-03,customer-0123,2025-03,14,34.225,-6.243,0,0,premium,west,1,0,0
customer-0124-2025-01,customer-0124,2025-01,19,31.984,-12.409,0,0,basic,north,0,1,0
customer-0124-2025-02,customer-0124,2025-02,20,30.646,-8.955,1,0,basic,north,2,1,0
customer-0124-2025-03,customer-0124,2025-03,21,31.115,-14.918,0,0,basic,north,2,0,0
customer-0125-2025-01,customer-0125,2025-01,13,18.004,-4.221,3,0,premium,west,3,0,0
customer-0125-2025-02,customer-0125,2025-02,14,16.644,-7.254,1,1,premium,west,4,0,0
customer-0125-2025-03,customer-0125,2025-03,15,18.364,-0.668,0,0,premium,west,2,0,0
customer-0126-2025-01,customer-0126,2025-01,29,18.926,5.001,0,1,premium,east,2,0,0
customer-0126-2025-02,customer-0126,2025-02,30,19.147,4.897,2,0,premium,east,4,0,0
customer-0126-2025-03,customer-0126,2025-03,31,15.171,-8.939,0,0,premium,east,4,1,0
customer-0127-2025-01,customer-0127,2025-01,8,16.915,-1.692,0,1,standard,north,1,0,0
customer-0127-2025-02,customer-0127,2025-02,9,16.823,-6.366,0,0,standard,north,1,0,0
customer-0127-2025-03,customer-0127,2025-03,10,19.767,0.321,0,0,standard,north,3,0,0
customer-0128-2025-01,customer-0128,2025-01,34,9.504,-9.059,4,1,standard,south,1,0,0
customer-0128-2025-02,customer-0128,2025-02,35,12.165,2.969,1,0,standard,south,0,1,0
customer-0128-2025-03,customer-0128,2025-03,36,11.274,-3.783,6,1,standard,south,0,0,0
customer-0129-2025-01,customer-0129,2025-01,45,15.285,0.504,1,0,premium,west,3,0,0
customer-0129-2025-02,customer-0129,2025-02,46,23.071,-9.180,0,0,premium,west,2,0,0
customer-0129-2025-03,customer-0129,2025-03,47,20.591,-5.881,0,0,premium,west,1,0,1
customer-0130-2025-01,customer-0130,2025-01,36,23.842,-1.219,0,0,basic,east,3,0,0
customer-0130-2025-02,customer-0130,2025-02,37,23.809,-0.347,0,1,basic,east,0,0,0
customer-0130-2025-03,customer-0130,2025-03,38,27.006,9.023,2,1,basic,east,2,1,1
customer-0131-2025-01,customer-0131,2025-01,38,27.828,2.747,1,0,standard,west,1,1,1
customer-0131-2025-02,customer-0131,2025-02,39,29.292,5.762,0,1,standard,west,0,1,1
customer-0131-2025-03,customer-0131,2025-03,40,27.222,-4.295,0,1,standard,west,0,1,0
customer-0132-2025-01,customer-0132,2025-01,21,11.621,-2.274,2,1,standard,south,4,0,0
customer-0132-2025-02,customer-0132,2025-02,22,6.841,-14.844,2,0,standard,south,0,0,0
customer-0132-2025-03,customer-0132,2025-03,23,2.714,-3.611,0,0,standard,south,4,0,0
customer-0133-2025-01,customer-0133,2025-01,19,26.573,-3.446,1,1,standard,east,1,0,0
customer-0133-2025-02,customer-0133,2025-02,20,31.196,-5.737,1,0,standard,east,4,0,0
customer-0133-2025-03,customer-0133,2025-03,21,34.357,6.908,3,0,standard,east,3,0,0
customer-0134-2025-01,customer-0134,2025-01,27,16.040,4.443,0,0,basic,north,4,0,0
customer-0134-2025-02,customer-0134,2025-02,28,18.210,4.859,0,0,basic,north,3,1,0
customer-0134-2025-03,customer-0134,2025-03,29,12.905,-13.271,1,1,basic,north,3,0,0
customer-0135-2025-01,customer-0135,2025-01,20,13.476,-14.061,0,0,basic,west,0,0,0
customer-0135-2025-02,customer-0135,2025-02,21,20.217,-4.520,0,1,basic,west,0,0,0
customer-0135-2025-03,customer-0135,2025-03,22,16.414,-0.467,0,0,basic,west,0,0,0
customer-0136-2025-01,customer-0136,2025-01,3,28.063,-0.207,2,0,basic,north,0,0,0
customer-0136-2025-02,customer-0136,2025-02,4,20.002,6.292,1,0,basic,north,1,0,0
customer-0136-2025-03,customer-0136,2025-03,5,24.300,5.152,1,0,basic,north,0,0,0
customer-0137-2025-01,customer-0137,2025-01,23,21.104,-11.777,0,0,standard,west,2,1,1
customer-0137-2025-02,customer-0137,2025-02,24,21.839,-12.844,2,0,standard,west,1,0,0
customer-0137-2025-03,customer-0137,2025-03,25,27.014,-0.966,0,0,standard,west,3,0,0
customer-0138-2025-01,customer-0138,2025-01,18,24.938,3.842,0,0,standard,north,4,0,0
customer-0138-2025-02,customer-0138,2025-02,19,20.623,-0.040,1,0,standard,north,3,0,0
customer-0138-2025-03,customer-0138,2025-03,20,15.029,-13.246,0,0,standard,north,4,0,0
customer-0139-2025-01,customer-0139,2025-01,11,21.213,0.835,0,1,standard,west,3,0,0
customer-0139-2025-02,customer-0139,2025-02,12,23.277,-10.440,0,1,standard,west,0,0,0
customer-0139-2025-03,customer-0139,2025-03,13,22.398,3.626,4,0,standard,west,2,1,1
customer-0140-2025-01,customer-0140,2025-01,32,22.356,4.761,0,0,basic,east,4,0,0
customer-0140-2025-02,customer-0140,2025-02,33,24.515,4.086,0,0,basic,east,3,0,0
customer-0140-2025-03,customer-0140,2025-03,34,18.729,-9.649,0,0,basic,east,1,0,0
customer-0141-2025-01,customer-0141,2025-01,44,24.507,4.205,2,1,basic,east,0,0,0
customer-0141-2025-02,customer-0141,2025-02,45,23.453,-0.827,1,0,basic,east,4,0,0
customer-0141-2025-03,customer-0141,2025-03,46,22.583,4.979,7,0,basic,east,1,1,0
customer-0142-2025-01,customer-0142,2025-01,24,14.242,-6.128,0,0,basic,west,4,0,0
customer-0142-2025-02,customer-0142,2025-02,25,22.281,4.299,0,0,basic,west,1,0,0
customer-0142-2025-03,customer-0142,2025-03,26,19.203,-5.112,0,0,basic,west,1,0,0
customer-0143-2025-01,customer-0143,2025-01,16,27.785,-1.891,0,0,standard,south,0,0,0
customer-0143-2025-02,customer-0143,2025-02,17,26.069,-1.409,0,0,standard,south,2,0,0
customer-0143-2025-03,customer-0143,2025-03,18,29.069,-3.951,0,1,standard,south,0,0,0
customer-0144-2025-01,customer-0144,2025-01,13,15.246,-7.039,3,0,basic,west,2,0,0
customer-0144-2025-02,customer-0144,2025-02,14,16.433,3.027,6,1,basic,west,4,1,1
customer-0144-2025-03,customer-0144,2025-03,15,17.034,-5.017,1,0,basic,west,0,0,0
customer-0145-2025-01,customer-0145,2025-01,9,13.470,-0.224,0,0,premium,west,4,0,0
customer-0145-2025-02,customer-0145,2025-02,10,12.029,-10.650,0,0,premium,west,0,1,0
customer-0145-2025-03,customer-0145,2025-03,11,6.772,-4.763,1,0,premium,west,0,0,0
customer-0146-2025-01,customer-0146,2025-01,28,32.364,-2.481,0,0,standard,east,2,1,0
customer-0146-2025-02,customer-0146,2025-02,29,28.021,1.309,1,0,standard,east,1,0,1
customer-0146-2025-03,customer-0146,2025-03,30,27.311,-8.962,1,0,standard,east,3,0,0
customer-0147-2025-01,customer-0147,2025-01,38,12.766,1.071,2,1,standard,north,0,0,0
customer-0147-2025-02,customer-0147,2025-02,39,13.334,0.075,2,0,standard,north,1,0,0
customer-0147-2025-03,customer-0147,2025-03,40,7.587,-0.212,0,0,standard,north,3,0,0
customer-0148-2025-01,customer-0148,2025-01,5,21.465,-10.959,0,1,basic,east,2,0,0
customer-0148-2025-02,customer-0148,2025-02,6,27.957,4.726,1,0,basic,east,1,0,0
customer-0148-2025-03,customer-0148,2025-03,7,22.010,4.574,0,0,basic,east,1,0,1
customer-0149-2025-01,customer-0149,2025-01,39,19.186,0.280,1,0,premium,south,4,0,0
customer-0149-2025-02,customer-0149,2025-02,40,19.926,-1.694,1,1,premium,south,3,0,0
customer-0149-2025-03,customer-0149,2025-03,41,23.878,5.494,2,0,premium,south,0,0,0
customer-0150-2025-01,customer-0150,2025-01,13,20.143,10.370,0,0,basic,west,3,0,1
customer-0150-2025-02,customer-0150,2025-02,14,20.398,-2.303,0,1,basic,west,4,0,0
customer-0150-2025-03,customer-0150,2025-03,15,16.119,1.932,4,0,basic,west,0,0,0
customer-0151-2025-01,customer-0151,2025-01,22,25.789,-10.720,0,0,standard,north,1,0,0
customer-0151-2025-02,customer-0151,2025-02,23,22.224,-13.977,1,0,standard,north,2,0,0
customer-0151-2025-03,customer-0151,2025-03,24,28.834,3.257,1,1,standard,north,0,1,0
customer-0152-2025-01,customer-0152,2025-01,26,8.118,-7.903,4,0,premium,south,0,0,0
customer-0152-2025-02,customer-0152,2025-02,27,12.313,5.417,0,0,premium,south,1,0,0
customer-0152-2025-03,customer-0152,2025-03,28,14.792,10.421,0,0,premium,south,1,0,0
customer-0153-2025-01,customer-0153,2025-01,42,9.842,5.033,4,1,basic,west,3,0,0
customer-0153-2025-02,customer-0153,2025-02,43,11.292,4.248,2,1,basic,west,0,0,0
customer-0153-2025-03,customer-0153,2025-03,44,11.523,-0.149,1,1,basic,west,1,0,0
customer-0154-2025-01,customer-0154,2025-01,43,12.644,-20.210,0,0,standard,south,3,0,0
customer-0154-2025-02,customer-0154,2025-02,44,24.853,-5.222,0,0,standard,south,4,0,0
customer-0154-2025-03,customer-0154,2025-03,45,23.443,-5.166,0,0,standard,south,1,0,0
customer-0155-2025-01,customer-0155,2025-01,12,17.835,5.836,2,1,standard,south,0,0,1
customer-0155-2025-02,customer-0155,2025-02,13,13.541,-3.852,1,0,standard,south,0,0,0
customer-0155-2025-03,customer-0155,2025-03,14,12.476,4.888,2,0,standard,south,4,0,0
customer-0156-2025-01,customer-0156,2025-01,28,10.985,-9.648,0,0,standard,east,2,0,0
customer-0156-2025-02,customer-0156,2025-02,29,6.940,-8.087,0,0,standard,east,3,0,0
customer-0156-2025-03,customer-0156,2025-03,30,14.816,-1.978,1,2,standard,east,0,1,1
customer-0157-2025-01,customer-0157,2025-01,22,28.947,7.960,0,0,basic,west,4,0,0
customer-0157-2025-02,customer-0157,2025-02,23,27.211,-0.251,0,1,basic,west,2,0,0
customer-0157-2025-03,customer-0157,2025-03,24,23.145,-3.302,0,0,basic,west,4,0,0
customer-0158-2025-01,customer-0158,2025-01,21,13.082,-9.462,0,0,basic,east,0,0,0
customer-0158-2025-02,customer-0158,2025-02,22,18.126,1.210,0,0,basic,east,1,1,0
customer-0158-2025-03,customer-0158,2025-03,23,11.773,-8.719,1,0,basic,east,1,1,1
customer-0159-2025-01,customer-0159,2025-01,18,19.971,8.572,3,1,premium,south,3,0,0
customer-0159-2025-02,customer-0159,2025-02,19,22.244,0.282,0,0,premium,south,1,0,0
customer-0159-2025-03,customer-0159,2025-03,20,17.162,-0.560,0,1,premium,south,3,0,0
customer-0160-2025-01,customer-0160,2025-01,40,22.806,-0.401,0,0,standard,east,2,0,0
customer-0160-2025-02,customer-0160,2025-02,41,21.481,5.684,0,1,standard,east,4,0,0
customer-0160-2025-03,customer-0160,2025-03,42,19.059,-8.033,2,1,standard,east,0,0,0
customer-0161-2025-01,customer-0161,2025-01,43,19.995,0.615,0,0,basic,north,2,0,0
customer-0161-2025-02,customer-0161,2025-02,44,20.702,-1.872,0,0,basic,north,2,0,0
customer-0161-2025-03,customer-0161,2025-03,45,20.586,-12.156,0,0,basic,north,4,0,0
customer-0162-2025-01,customer-0162,2025-01,41,18.844,-12.439,0,0,basic,south,0,0,0
customer-0162-2025-02,customer-0162,2025-02,42,23.928,-1.162,2,0,basic,south,3,0,0
customer-0162-2025-03,customer-0162,2025-03,43,27.262,-8.083,0,0,basic,south,3,0,0
customer-0163-2025-01,customer-0163,2025-01,42,9.221,-9.729,1,0,basic,north,2,0,0
customer-0163-2025-02,customer-0163,2025-02,43,12.527,6.337,0,1,basic,north,0,0,0
customer-0163-2025-03,customer-0163,2025-03,44,18.733,0.652,1,0,basic,north,4,0,0
customer-0164-2025-01,customer-0164,2025-01,11,16.578,-7.285,0,0,standard,west,2,1,1
customer-0164-2025-02,customer-0164,2025-02,12,10.134,-5.228,0,0,standard,west,3,0,1
customer-0164-2025-03,customer-0164,2025-03,13,17.280,-4.291,1,0,standard,west,1,0,0
customer-0165-2025-01,customer-0165,2025-01,23,27.300,-3.502,0,0,standard,north,4,0,0
customer-0165-2025-02,customer-0165,2025-02,24,25.028,-2.839,0,0,standard,north,2,1,1
customer-0165-2025-03,customer-0165,2025-03,25,22.989,-5.330,1,0,standard,north,4,0,0
customer-0166-2025-01,customer-0166,2025-01,27,34.715,8.398,0,1,basic,east,4,0,0
customer-0166-2025-02,customer-0166,2025-02,28,26.669,-6.245,0,0,basic,east,0,0,0
customer-0166-2025-03,customer-0166,2025-03,29,30.229,-6.297,0,0,basic,east,3,0,0
customer-0167-2025-01,customer-0167,2025-01,13,10.749,-13.901,0,0,basic,south,2,0,0
customer-0167-2025-02,customer-0167,2025-02,14,14.517,-5.795,0,1,basic,south,0,0,0
customer-0167-2025-03,customer-0167,2025-03,15,16.206,-2.537,0,0,basic,south,1,0,0
customer-0168-2025-01,customer-0168,2025-01,39,21.964,6.191,0,0,basic,east,3,0,0
customer-0168-2025-02,customer-0168,2025-02,40,16.942,0.675,1,1,basic,east,4,0,0
customer-0168-2025-03,customer-0168,2025-03,41,19.371,-0.340,1,1,basic,east,3,0,0
customer-0169-2025-01,customer-0169,2025-01,30,23.382,5.707,1,0,standard,south,2,0,0
customer-0169-2025-02,customer-0169,2025-02,31,28.544,14.385,0,1,standard,south,3,0,0
customer-0169-2025-03,customer-0169,2025-03,32,22.031,2.736,2,1,standard,south,0,1,1
customer-0170-2025-01,customer-0170,2025-01,48,23.444,-14.199,0,0,basic,south,3,0,0
customer-0170-2025-02,customer-0170,2025-02,49,28.149,0.102,1,0,basic,south,3,0,0
customer-0170-2025-03,customer-0170,2025-03,50,24.495,-5.892,1,0,basic,south,3,0,0
customer-0171-2025-01,customer-0171,2025-01,36,28.273,6.158,5,0,basic,south,2,0,0
customer-0171-2025-02,customer-0171,2025-02,37,23.603,-0.921,3,0,basic,south,1,0,1
customer-0171-2025-03,customer-0171,2025-03,38,24.694,-2.292,2,1,basic,south,1,0,0
customer-0172-2025-01,customer-0172,2025-01,18,10.850,6.996,0,0,basic,north,0,0,0
customer-0172-2025-02,customer-0172,2025-02,19,9.749,-0.143,8,0,basic,north,1,1,0
customer-0172-2025-03,customer-0172,2025-03,20,11.014,-7.883,5,0,basic,north,0,0,0
customer-0173-2025-01,customer-0173,2025-01,48,15.145,-3.017,0,1,standard,south,0,0,0
customer-0173-2025-02,customer-0173,2025-02,49,18.611,-5.443,0,0,standard,south,1,0,0
customer-0173-2025-03,customer-0173,2025-03,50,27.628,2.979,2,0,standard,south,0,0,0
customer-0174-2025-01,customer-0174,2025-01,35,18.668,-1.063,2,0,basic,north,4,0,0
customer-0174-2025-02,customer-0174,2025-02,36,15.121,2.227,2,1,basic,north,2,0,0
customer-0174-2025-03,customer-0174,2025-03,37,14.391,-3.870,1,0,basic,north,0,0,0
customer-0175-2025-01,customer-0175,2025-01,25,7.800,-2.964,0,0,premium,west,1,0,0
customer-0175-2025-02,customer-0175,2025-02,26,15.277,1.490,3,0,premium,west,2,0,0
customer-0175-2025-03,customer-0175,2025-03,27,6.551,-1.465,0,0,premium,west,2,0,0
customer-0176-2025-01,customer-0176,2025-01,6,14.800,-15.625,0,0,basic,south,0,0,0
customer-0176-2025-02,customer-0176,2025-02,7,25.621,-4.787,0,0,basic,south,2,0,0
customer-0176-2025-03,customer-0176,2025-03,8,16.750,-12.067,0,0,basic,south,2,0,0
customer-0177-2025-01,customer-0177,2025-01,33,19.942,-10.482,0,0,standard,east,1,0,0
customer-0177-2025-02,customer-0177,2025-02,34,18.377,1.418,2,0,standard,east,1,0,0
customer-0177-2025-03,customer-0177,2025-03,35,21.423,4.841,0,1,standard,east,0,0,0
customer-0178-2025-01,customer-0178,2025-01,32,11.694,-4.340,0,0,standard,north,3,0,0
customer-0178-2025-02,customer-0178,2025-02,33,11.575,0.311,0,0,standard,north,4,0,0
customer-0178-2025-03,customer-0178,2025-03,34,16.778,-4.918,3,0,standard,north,2,0,0
customer-0179-2025-01,customer-0179,2025-01,32,22.068,-0.938,2,0,basic,south,2,0,0
customer-0179-2025-02,customer-0179,2025-02,33,17.793,-5.870,0,0,basic,south,4,0,0
customer-0179-2025-03,customer-0179,2025-03,34,17.602,-1.618,0,1,basic,south,1,0,0
customer-0180-2025-01,customer-0180,2025-01,20,28.996,-3.419,0,0,standard,east,1,0,0
customer-0180-2025-02,customer-0180,2025-02,21,31.136,-2.595,2,1,standard,east,4,0,0
customer-0180-2025-03,customer-0180,2025-03,22,26.135,-7.345,0,0,standard,east,0,0,0
customer-0181-2025-01,customer-0181,2025-01,22,10.995,6.787,1,0,standard,west,0,0,0
customer-0181-2025-02,customer-0181,2025-02,23,11.927,0.251,0,0,standard,west,2,1,0
customer-0181-2025-03,customer-0181,2025-03,24,16.391,0.550,1,0,standard,west,0,0,0
customer-0182-2025-01,customer-0182,2025-01,45,24.329,-13.252,0,0,standard,south,0,0,0
customer-0182-2025-02,customer-0182,2025-02,46,24.078,-4.970,0,0,standard,south,3,0,0
customer-0182-2025-03,customer-0182,2025-03,47,23.598,-8.619,0,0,standard,south,1,0,0
customer-0183-2025-01,customer-0183,2025-01,28,21.820,-4.569,1,1,basic,west,4,0,0
customer-0183-2025-02,customer-0183,2025-02,29,16.597,-9.821,1,0,basic,west,3,0,0
customer-0183-2025-03,customer-0183,2025-03,30,18.908,-12.635,0,0,basic,west,0,1,1
customer-0184-2025-01,customer-0184,2025-01,30,21.194,0.051,1,0,basic,south,3,0,0
customer-0184-2025-02,customer-0184,2025-02,31,18.814,3.599,0,0,basic,south,0,1,0
customer-0184-2025-03,customer-0184,2025-03,32,16.867,6.237,4,1,basic,south,0,0,0
customer-0185-2025-01,customer-0185,2025-01,24,14.472,-4.554,2,0,standard,west,3,0,0
customer-0185-2025-02,customer-0185,2025-02,25,21.551,2.496,3,1,standard,west,4,0,0
customer-0185-2025-03,customer-0185,2025-03,26,21.201,-0.360,0,0,standard,west,3,0,0
customer-0186-2025-01,customer-0186,2025-01,39,11.099,5.345,0,0,basic,west,0,0,0
customer-0186-2025-02,customer-0186,2025-02,40,12.827,2.058,0,0,basic,west,3,0,0
customer-0186-2025-03,customer-0186,2025-03,41,7.742,-11.882,4,0,basic,west,2,1,1
customer-0187-2025-01,customer-0187,2025-01,31,12.901,-8.677,0,0,basic,west,4,1,1
customer-0187-2025-02,customer-0187,2025-02,32,14.140,-6.964,4,1,basic,west,0,0,0
customer-0187-2025-03,customer-0187,2025-03,33,14.159,-6.073,0,1,basic,west,2,0,0
customer-0188-2025-01,customer-0188,2025-01,45,13.458,6.759,0,0,standard,south,1,0,0
customer-0188-2025-02,customer-0188,2025-02,46,14.315,3.339,2,0,standard,south,2,0,0
customer-0188-2025-03,customer-0188,2025-03,47,11.569,2.239,3,1,standard,south,3,0,0
customer-0189-2025-01,customer-0189,2025-01,42,20.848,-5.995,0,1,standard,south,3,0,0
customer-0189-2025-02,customer-0189,2025-02,43,13.903,-4.711,0,1,standard,south,1,0,0
customer-0189-2025-03,customer-0189,2025-03,44,20.414,1.875,0,0,standard,south,0,1,1
customer-0190-2025-01,customer-0190,2025-01,41,21.181,-9.696,0,0,basic,south,3,0,0
customer-0190-2025-02,customer-0190,2025-02,42,19.940,-5.169,0,0,basic,south,2,0,0
customer-0190-2025-03,customer-0190,2025-03,43,21.675,-1.087,0,0,basic,south,3,0,0
customer-0191-2025-01,customer-0191,2025-01,40,15.558,-5.939,0,0,basic,north,3,0,0
customer-0191-2025-02,customer-0191,2025-02,41,16.811,5.148,0,0,basic,north,4,0,0
customer-0191-2025-03,customer-0191,2025-03,42,16.046,-4.722,1,0,basic,north,0,0,0
customer-0192-2025-01,customer-0192,2025-01,47,29.405,-10.914,0,1,standard,south,4,0,0
customer-0192-2025-02,customer-0192,2025-02,48,36.272,-0.538,1,0,standard,south,0,0,0
customer-0192-2025-03,customer-0192,2025-03,49,38.461,5.922,1,0,standard,south,2,0,0
customer-0193-2025-01,customer-0193,2025-01,24,19.485,-1.714,0,0,premium,south,3,0,0
customer-0193-2025-02,customer-0193,2025-02,25,23.883,-3.412,3,0,premium,south,4,0,0
customer-0193-2025-03,customer-0193,2025-03,26,26.279,-3.229,0,0,premium,south,3,0,0
customer-0194-2025-01,customer-0194,2025-01,43,22.289,3.468,0,0,basic,east,1,0,0
customer-0194-2025-02,customer-0194,2025-02,44,27.862,4.124,7,1,basic,east,2,1,1
customer-0194-2025-03,customer-0194,2025-03,45,20.588,-2.085,1,0,basic,east,3,0,0
customer-0195-2025-01,customer-0195,2025-01,35,15.470,-11.148,0,1,premium,north,1,0,0
customer-0195-2025-02,customer-0195,2025-02,36,21.776,1.148,0,1,premium,north,1,1,0
customer-0195-2025-03,customer-0195,2025-03,37,16.700,-9.171,1,0,premium,north,1,0,0
customer-0196-2025-01,customer-0196,2025-01,14,20.057,-7.163,0,1,standard,east,2,0,0
customer-0196-2025-02,customer-0196,2025-02,15,17.295,-7.146,0,0,standard,east,0,0,0
customer-0196-2025-03,customer-0196,2025-03,16,20.324,-8.342,0,0,standard,east,4,0,0
customer-0197-2025-01,customer-0197,2025-01,6,23.348,-3.600,0,0,premium,north,4,1,0
customer-0197-2025-02,customer-0197,2025-02,7,20.403,-2.954,1,0,premium,north,0,0,0
customer-0197-2025-03,customer-0197,2025-03,8,23.390,2.359,1,0,premium,north,1,0,0
customer-0198-2025-01,customer-0198,2025-01,5,13.831,3.340,0,1,standard,north,2,0,0
customer-0198-2025-02,customer-0198,2025-02,6,11.732,4.549,5,0,standard,north,4,0,0
customer-0198-2025-03,customer-0198,2025-03,7,14.697,12.483,1,2,standard,north,2,0,0
customer-0199-2025-01,customer-0199,2025-01,44,31.034,1.185,0,0,standard,east,0,0,0
customer-0199-2025-02,customer-0199,2025-02,45,28.022,3.529,0,0,standard,east,1,1,1
customer-0199-2025-03,customer-0199,2025-03,46,29.222,-7.241,1,0,standard,east,3,1,1
customer-0200-2025-01,customer-0200,2025-01,1,9.948,-1.810,2,2,basic,west,1,1,1
customer-0200-2025-02,customer-0200,2025-02,2,13.791,13.881,7,0,basic,west,4,0,0
customer-0200-2025-03,customer-0200,2025-03,3,10.363,3.969,1,2,basic,west,1,1,0
customer-0201-2025-01,customer-0201,2025-01,31,15.475,-4.163,3,0,premium,east,1,0,1
customer-0201-2025-02,customer-0201,2025-02,32,14.528,1.141,4,1,premium,east,0,0,0
customer-0201-2025-03,customer-0201,2025-03,33,13.319,-3.173,0,1,premium,east,0,0,0
customer-0202-2025-01,customer-0202,2025-01,37,8.474,6.228,0,0,basic,west,2,0,0
customer-0202-2025-02,customer-0202,2025-02,38,6.020,3.475,0,0,basic,west,0,1,1
customer-0202-2025-03,customer-0202,2025-03,39,7.489,1.822,0,0,basic,west,2,0,0
customer-0203-2025-01,customer-0203,2025-01,21,14.274,-10.900,1,0,premium,east,4,0,0
customer-0203-2025-02,customer-0203,2025-02,22,15.013,-4.823,0,0,premium,east,0,0,0
customer-0203-2025-03,customer-0203,2025-03,23,23.299,5.294,0,0,premium,east,0,0,0
customer-0204-2025-01,customer-0204,2025-01,15,36.073,-4.630,0,0,standard,east,4,0,0
customer-0204-2025-02,customer-0204,2025-02,16,33.570,-2.042,0,0,standard,east,1,0,0
customer-0204-2025-03,customer-0204,2025-03,17,36.350,9.858,0,0,standard,east,4,0,0
customer-0205-2025-01,customer-0205,2025-01,11,17.147,-4.110,0,0,basic,east,1,0,0
customer-0205-2025-02,customer-0205,2025-02,12,17.185,-7.904,0,0,basic,east,0,0,0
customer-0205-2025-03,customer-0205,2025-03,13,18.067,0.364,0,0,basic,east,1,0,0
customer-0206-2025-01,customer-0206,2025-01,28,25.685,1.846,3,0,premium,west,0,0,0
customer-0206-2025-02,customer-0206,2025-02,29,20.449,3.647,5,1,premium,west,4,0,0
customer-0206-2025-03,customer-0206,2025-03,30,17.387,-2.886,2,0,premium,west,3,0,0
customer-0207-2025-01,customer-0207,2025-01,21,18.897,-10.699,0,1,standard,east,4,0,0
customer-0207-2025-02,customer-0207,2025-02,22,21.872,-1.528,0,0,standard,east,3,1,0
customer-0207-2025-03,customer-0207,2025-03,23,22.964,-0.334,0,0,standard,east,4,0,0
customer-0208-2025-01,customer-0208,2025-01,18,25.516,11.231,1,0,basic,west,2,0,0
customer-0208-2025-02,customer-0208,2025-02,19,20.382,-2.198,3,1,basic,west,4,0,0
customer-0208-2025-03,customer-0208,2025-03,20,22.332,-1.206,2,1,basic,west,3,0,0
customer-0209-2025-01,customer-0209,2025-01,26,13.100,1.659,3,1,standard,east,2,1,1
customer-0209-2025-02,customer-0209,2025-02,27,14.970,2.104,0,1,standard,east,4,0,0
customer-0209-2025-03,customer-0209,2025-03,28,14.630,-5.466,2,2,standard,east,3,0,0
customer-0210-2025-01,customer-0210,2025-01,35,18.633,-1.275,2,1,basic,south,4,0,0
customer-0210-2025-02,customer-0210,2025-02,36,15.304,-5.499,3,1,basic,south,3,0,0
customer-0210-2025-03,customer-0210,2025-03,37,19.600,10.296,2,1,basic,south,1,0,0
customer-0211-2025-01,customer-0211,2025-01,37,17.492,-6.972,0,0,basic,east,3,0,0
customer-0211-2025-02,customer-0211,2025-02,38,23.707,-8.038,0,0,basic,east,1,0,0
customer-0211-2025-03,customer-0211,2025-03,39,26.882,-1.839,0,0,basic,east,3,0,0
customer-0212-2025-01,customer-0212,2025-01,24,13.504,-9.827,0,0,premium,north,0,0,0
customer-0212-2025-02,customer-0212,2025-02,25,16.448,-2.178,0,0,premium,north,2,0,0
customer-0212-2025-03,customer-0212,2025-03,26,21.145,-2.183,0,1,premium,north,3,0,0
customer-0213-2025-01,customer-0213,2025-01,44,16.467,2.851,0,1,basic,north,2,0,0
customer-0213-2025-02,customer-0213,2025-02,45,14.630,2.280,0,0,basic,north,0,0,0
customer-0213-2025-03,customer-0213,2025-03,46,15.745,-7.641,1,0,basic,north,3,1,1
customer-0214-2025-01,customer-0214,2025-01,1,16.138,-5.755,1,1,standard,east,3,0,0
customer-0214-2025-02,customer-0214,2025-02,2,10.945,-3.651,3,0,standard,east,1,0,0
customer-0214-2025-03,customer-0214,2025-03,3,13.295,-0.167,0,0,standard,east,4,0,0
customer-0215-2025-01,customer-0215,2025-01,43,25.867,-7.910,0,0,standard,north,2,1,0
customer-0215-2025-02,customer-0215,2025-02,44,24.555,-9.380,0,0,standard,north,1,0,0
customer-0215-2025-03,customer-0215,2025-03,45,26.809,-7.219,0,0,standard,north,0,1,1
customer-0216-2025-01,customer-0216,2025-01,3,5.670,-2.315,0,1,standard,west,3,0,0
customer-0216-2025-02,customer-0216,2025-02,4,14.668,0.091,1,1,standard,west,1,0,0
customer-0216-2025-03,customer-0216,2025-03,5,15.152,6.085,2,1,standard,west,2,0,0
customer-0217-2025-01,customer-0217,2025-01,34,20.825,-1.349,2,1,standard,north,2,0,0
customer-0217-2025-02,customer-0217,2025-02,35,22.031,4.186,1,0,standard,north,2,0,0
customer-0217-2025-03,customer-0217,2025-03,36,23.745,6.787,8,1,standard,north,4,0,0
customer-0218-2025-01,customer-0218,2025-01,35,29.128,1.102,0,1,basic,east,1,0,0
customer-0218-2025-02,customer-0218,2025-02,36,19.659,-10.659,2,0,basic,east,4,0,0
customer-0218-2025-03,customer-0218,2025-03,37,30.661,5.624,0,0,basic,east,0,0,0
customer-0219-2025-01,customer-0219,2025-01,15,32.104,-3.575,0,1,basic,south,1,1,1
customer-0219-2025-02,customer-0219,2025-02,16,26.272,-10.087,0,2,basic,south,2,0,1
customer-0219-2025-03,customer-0219,2025-03,17,22.351,-9.427,0,0,basic,south,0,0,0
customer-0220-2025-01,customer-0220,2025-01,13,15.653,2.532,1,0,basic,south,0,0,0
customer-0220-2025-02,customer-0220,2025-02,14,14.855,0.113,0,0,basic,south,4,0,0
customer-0220-2025-03,customer-0220,2025-03,15,13.327,-6.017,0,1,basic,south,2,0,0
customer-0221-2025-01,customer-0221,2025-01,46,26.288,0.884,0,0,standard,west,4,0,0
customer-0221-2025-02,customer-0221,2025-02,47,26.846,-3.099,0,0,standard,west,2,0,0
customer-0221-2025-03,customer-0221,2025-03,48,23.579,-5.350,0,0,standard,west,1,0,0
customer-0222-2025-01,customer-0222,2025-01,24,15.848,5.694,1,1,basic,east,2,0,0
customer-0222-2025-02,customer-0222,2025-02,25,12.744,-12.319,2,0,basic,east,2,1,1
customer-0222-2025-03,customer-0222,2025-03,26,21.442,15.253,1,0,basic,east,3,0,0
customer-0223-2025-01,customer-0223,2025-01,43,7.885,-17.133,0,0,standard,north,1,0,0
customer-0223-2025-02,customer-0223,2025-02,44,20.251,3.189,0,0,standard,north,3,0,0
customer-0223-2025-03,customer-0223,2025-03,45,16.696,-1.262,0,0,standard,north,1,0,0
customer-0224-2025-01,customer-0224,2025-01,4,17.343,-6.777,0,0,standard,south,3,0,0
customer-0224-2025-02,customer-0224,2025-02,5,17.986,-1.294,0,0,standard,south,3,0,0
customer-0224-2025-03,customer-0224,2025-03,6,24.894,4.162,0,0,standard,south,1,0,0
customer-0225-2025-01,customer-0225,2025-01,37,21.854,-1.732,0,1,premium,south,4,1,1
customer-0225-2025-02,customer-0225,2025-02,38,22.757,0.984,0,0,premium,south,3,0,0
customer-0225-2025-03,customer-0225,2025-03,39,30.072,2.675,0,1,premium,south,0,0,0
customer-0226-2025-01,customer-0226,2025-01,46,17.499,-13.534,1,0,basic,south,4,0,0
customer-0226-2025-02,customer-0226,2025-02,47,25.974,6.098,3,1,basic,south,4,1,1
customer-0226-2025-03,customer-0226,2025-03,48,22.305,0.904,5,0,basic,south,4,0,0
customer-0227-2025-01,customer-0227,2025-01,13,17.193,-0.366,1,0,premium,east,2,0,0
customer-0227-2025-02,customer-0227,2025-02,14,15.715,0.115,1,2,premium,east,3,0,0
customer-0227-2025-03,customer-0227,2025-03,15,16.834,0.792,0,0,premium,east,4,0,0
customer-0228-2025-01,customer-0228,2025-01,33,18.547,-2.226,3,0,basic,west,1,0,0
customer-0228-2025-02,customer-0228,2025-02,34,21.013,-0.593,2,0,basic,west,3,0,0
customer-0228-2025-03,customer-0228,2025-03,35,18.079,-1.958,0,1,basic,west,3,0,0
customer-0229-2025-01,customer-0229,2025-01,22,33.962,-2.675,0,2,standard,east,1,1,1
customer-0229-2025-02,customer-0229,2025-02,23,21.118,-19.173,0,1,standard,east,0,0,0
customer-0229-2025-03,customer-0229,2025-03,24,31.804,3.080,0,0,standard,east,1,0,0
customer-0230-2025-01,customer-0230,2025-01,21,18.683,-1.261,0,1,basic,north,3,0,0
customer-0230-2025-02,customer-0230,2025-02,22,22.087,6.141,0,0,basic,north,4,0,0
customer-0230-2025-03,customer-0230,2025-03,23,20.187,2.774,1,0,basic,north,4,0,0
customer-0231-2025-01,customer-0231,2025-01,7,24.970,-7.611,2,0,premium,east,2,0,0
customer-0231-2025-02,customer-0231,2025-02,8,23.286,-7.694,6,0,premium,east,2,1,1
customer-0231-2025-03,customer-0231,2025-03,9,25.474,4.541,0,0,premium,east,4,1,1
customer-0232-2025-01,customer-0232,2025-01,48,30.582,-6.632,0,0,premium,east,2,0,0
customer-0232-2025-02,customer-0232,2025-02,49,29.267,3.134,1,0,premium,east,3,0,0
customer-0232-2025-03,customer-0232,2025-03,50,30.520,0.083,0,0,premium,east,3,0,0
customer-0233-2025-01,customer-0233,2025-01,25,23.724,-6.260,1,0,basic,south,4,0,0
customer-0233-2025-02,customer-0233,2025-02,26,20.281,-4.228,0,0,basic,south,0,1,1
customer-0233-2025-03,customer-0233,2025-03,27,14.311,-17.918,0,0,basic,south,0,0,0
customer-0234-2025-01,customer-0234,2025-01,47,20.686,-5.850,0,0,basic,south,4,0,0
customer-0234-2025-02,customer-0234,2025-02,48,21.037,-6.155,2,0,basic,south,1,0,0
customer-0234-2025-03,customer-0234,2025-03,49,23.616,0.376,0,0,basic,south,0,0,0
customer-0235-2025-01,customer-0235,2025-01,28,36.694,4.893,4,1,premium,west,2,0,0
customer-0235-2025-02,customer-0235,2025-02,29,28.962,-5.744,0,0,premium,west,0,0,0
customer-0235-2025-03,customer-0235,2025-03,30,33.726,3.866,1,2,premium,west,3,0,0
customer-0236-2025-01,customer-0236,2025-01,19,9.378,4.685,0,0,standard,south,2,0,0
customer-0236-2025-02,customer-0236,2025-02,20,13.976,-2.445,0,0,standard,south,2,1,1
customer-0236-2025-03,customer-0236,2025-03,21,10.208,2.208,1,0,standard,south,2,0,0
customer-0237-2025-01,customer-0237,2025-01,47,27.204,1.629,0,1,basic,north,2,0,0
customer-0237-2025-02,customer-0237,2025-02,48,23.129,-6.974,1,0,basic,north,4,0,0
customer-0237-2025-03,customer-0237,2025-03,49,23.002,-14.575,0,0,basic,north,2,0,0
customer-0238-2025-01,customer-0238,2025-01,45,20.496,-1.382,4,0,basic,north,1,0,0
customer-0238-2025-02,customer-0238,2025-02,46,20.609,-1.086,0,1,basic,north,3,0,0
customer-0238-2025-03,customer-0238,2025-03,47,15.959,-8.993,0,0,basic,north,2,0,0
customer-0239-2025-01,customer-0239,2025-01,6,11.898,2.501,1,0,standard,south,1,0,1
customer-0239-2025-02,customer-0239,2025-02,7,11.376,-11.187,1,0,standard,south,2,1,1
customer-0239-2025-03,customer-0239,2025-03,8,14.266,8.384,0,0,standard,south,0,0,0
customer-0240-2025-01,customer-0240,2025-01,37,9.615,-2.063,1,0,standard,north,2,0,0
customer-0240-2025-02,customer-0240,2025-02,38,10.531,0.135,0,0,standard,north,4,0,0
customer-0240-2025-03,customer-0240,2025-03,39,16.773,4.715,4,0,standard,north,1,0,0
